Id01;Eve;PREMIER;19-août-1988;eve.premier@labas.fr;2;F;40983,3 g;France;Europe;71,279;87.53°F;638,76 cm
Id02;Claire;SOLEIL;10-février-1965;claire.soleil@gmail.com;A-;F;44456,57 g;Itale;;62,623;35;$1
Id03;Rose;PARIS;20-août-1974;rose.paris@gmail;A+;F;50723,21 g;Sénégal;Afrique;105,304;102.42  °F;77
Id04;Mamadou;TROPFOR;10-02-1965;mamadou.tropfor@hotmail.com;1;M;91,11 KG;Qatar;Asie;10;26.93°C;10,96 m
Id05;Mamadou;DELOIN;19-08-1988;mamadou.deloin@gmail.com;B-;M;58,74 KG;Tunisie;Afrique;46;25;**
Id06;Médecin;PLUS BELLE;03-01-1975;médecin.plus belle@gmail.com;A+;M;66,94 KG;Tunisie;Afrique;9;25;0
Id07;Ibrahim;SPORTIF;17-08-1969;ibrahim.sportif@gmail.com;B-;M;86,33 KG;Algérie;Afrique;33;41.44 °c;9,22 m
Id08;Kenza;MIGNONNE;18-mai-1960;kenza.mignonne@hotmail.com;2;F;63159,57 g;Brésil;Amérique;105,158;111.29°F;736,84 cm
Id09;Inès;TROPFOR;27-novembre-1999;inès.tropfor@yahoo.fr;X;X;40983,3 g;Espagne;;93,323;91.1°F;77
Id10;Rayan;FORT;24-06-1995;rayan.fort@hotmail.com;AB;M;88,87 KG;Maroc;Afrique;74;26.26°C;20,97 m
Id11;Marie;FORT;06-août-1974;marie.fort@yahoo;1;0;72425,34 g;Algérie;Afrique;60,732;87.53°F;476,25 cm
Id12;Médecin;PLUS BELLE;18-05-1960;médecin.plus belle@hotmail.com;AB+;M;82,68 KG;Tunisie;Afrique;60;20.9°C;1
Id13;Omar;GRANDE;25-02-1995;omar.grande@yahoo.fr;A+;M;64,63 KG;Itale;;53;26.26°C;**
Id14;Adam;GRANDE;21-05-1969;adam.grande@hotmail.com;AB;M;66,94 KG;Espagne;;24;41.44 °c;13,28 m
Id15;Alain;AIMANT;21-01-1979;alain.aimant@gmail;B+;Y;64,54 KG;Chine;Asie;47;41.44 °c;13,28 m
Id16;Rayan;MIGNONNE;10-02-1965;rayan.mignonne@hotmail.com;A+;M;88,87 KG;Qatar;Asie;10;15.67°C;1
Id17;Faouzi;UNIQUE;27-11-1999;faouzi.unique@gmail.com;AB-;M;0;Belgique;Europe;62;25.32°Celcius;13,28 m
Id18;Fleurette;PREMIER;21-janvier-1979;fleurette.premier@hotmail.com;2;F;44456,57 g;Allemagne;Europe;135,238;119.05°F;679,87 cm
Id19;Sabrine;BON;25-février-1995;sabrine.bon@gmail.com;2;F;44456,57 g;France;Europe;136,181;114.03°F;713,41 cm
Id20;Maria;DELOIN;25-février-1995;maria.deloin@hotmail.com;AB;F;44456,57 g;Canada;Amérique;131,203;102.42  °F;638,76 cm
Id21;Faouzi;EXCELLE;03-01-1975;faouzi.excelle@gmail.com;O-;M;93,88 KG;Canada;Amérique;57;26.93°C;14,98 m
Id22;Marie;SPORTIF;20-août-1974;marie.sportif@gmail.com;AB+;X;48710,39 g;Chine;Asie;41,529;35;644,34 cm
Id23;Eve;PARIS;03-janvier-1975;eve.paris@hotmail.com;X;F;42015,79 g;Tunisie;Afrique;28,967;102.42  °F;713,41 cm
Id24;Omar;CLEMENT;14-01-1978;omar.clement@yahoo.fr;AB+;M;64,54 KG;France;Europe;37;41.44 °c;12,95 m
Id25;Emna;JOLIE;17-août-1969;emna.jolie@hotmail.com;B-;F;71214,11g;Itale;;41,249;114.03°F;713,41 cm
Id26;Ibrahim;PARIS;27-11-1993;ibrahim.paris@hotmail.com;-;M;58,74 KG;Tunisie;Afrique;59;41.44 °c;9,22 m
Id27;Clément;TOUIL;27-11-1999;clément.touil@hotmail.com;AB-;M;58,74 KG;Tunisie;Afrique;34;26.93°C;1
Id28;Jean;SPORTIF;27-11-1993;jean.sportif@hotmail.com;AB+;M;64,24 KG;France;;69;41.44 °c;12,94 m
Id29;Alain;MIGNONNE;10-02-1965;alain.mignonne@ici.tn;B-;M;0;Tunisie;Afrique;10;;1
Id30;Médecin;MOUSTAFA;19-08-1988;médecin.moustafa@yahoo.fr;AB;M;64,54 KG;Maroc;Afrique;44;38.05°C;20,97 m
Id31;Clément;MOUSTAFA;27-11-1993;clément.moustafa@yahoo.fr;1;M;58,74 KG;France;;60;38.13°C;20,97 m
Id32;Mamadou;FORT;08-12-1982;mamadou.fort@gmail.com;A-;M;0;Maroc;Afrique;58;25;**
Id33;Emna;FORT;19-août-1988;emna.fort@gmail.com;A+;F;65850,12 g;Maroc;Afrique;64,365;84.91°F;$1
Id34;Omar;PARIS;18-05-1960;omar.paris@gmail.com;AB-;M;64,63 KG;Malie;Afrique;73;26.93°C;**
Id35;Mamadou;CLEMENT;24-06-1995;mamadou.clement@hotmail.com;AB-;M;86,33 KG;Canada;Amérique;50;38.05°C;12,95 m
Id36;Mamadou;SOLEIL;24-06-1995;mamadou.soleil@gmail;A;0;64,24 KG;Espagne;;44;38.05°C;2,39 m
Id37;Ibrahim;BELLE;08-12-1982;ibrahim.belle@gmail;A-;M;64,63 KG;France;Europe;12;20.9°C;12,94 m
Id38;Ibrahim;PLUS BELLE;08-09-1960;ibrahim.plus belle@hotmail.com;B+;0;64,24 KG;France;;9;25.04°C;0
Id39;Clément;PRINTEMPS;27-11-1999;clément.printemps@gmail.com;O+;M;93,88 KG;Algérie;Afrique;33;20.9°C;2,39 m
Id40;Claire;SPORTIF;24-juin-1995;claire.sportif@yahoo.fr;B+;F;72425,34 g;Tunisie;Afrique;121,929;119.05°F;428,03 cm
Id41;Eve;RAHMA;25-février-1995;eve.rahma@gmail.com;X;F;63282,34 g;Portugal;Europe;56,813;102.42  °F;0
Id42;Clémence;SPORTIF;30-avril-2000;clémence.sportif@yahoo.fr;B+;F;72425,34 g;Portugal;Europe;135,288;111.29°F;77
Id43;Jean;INFORME;17-08-1969;jean.informe@ici.tn;O-;Y;86,33 KG;Sénégal;Afrique;71;;0
Id44;Jean;SOLEIL;05-06-1993;jean.soleil@hotmail.com;2;M;1;Canada;Amérique;18;26.93°C;20,97 m
Id45;Ibrahim;TROPFOR;01-03-1967;ibrahim.tropfor@hotmail.com;A+;0;64,54 KG;Itale;;72;20.9°C;10,96 m
Id46;Faouzi;AIMANT;14-01-1978;faouzi.aimant@ici.tn;AB+;Y;0;Argentine;Amérique;12;25.32°Celcius;2,39 m
Id47;Fleurette;UNIQUE;03-janvier-1975;fleurette.unique@gmail.com;AB+;F;71214,11g;Chine;Asie;146,323;111.29°F;644,34 cm
Id48;Jean;CLEMENT;25-02-1995;jean.clement@hotmail.com;O+;M;0;Algérie;Afrique;11;25.32°Celcius;10,96 m
Id49;Ibrahim;FORT;21-05-1969;ibrahim.fort@gmail.com;AB-;M;1;Malie;Afrique;33;25;10,96 m
Id50;Sabrine;EXCELLE;14-février-1966;sabrine.excelle@yahoo.fr;B-;F;44456,57 g;Portugal;Europe;64,008;91.1°F;644,34 cm
