{ 
    "_id" : ObjectId("5e7a249f00270c03d7b648c8"), 
    "CATEGORY" : "ARRONDISSEMENT", 
    "ENGLISH" : "PARIS-1ER-ARRONDISSEMENT", 
    "FRENCH" : "PARIS 01", 
    "ABREVGENDEROTHER" : "", 
    "PRIMARYKEY" : "FRCITY_00028ARRONDISSEMENT01", 
    "FOREIGNKEY" : ""
}
{ 
    "_id" : ObjectId("5e7a249f00270c03d7b648c9"), 
    "CATEGORY" : "ARRONDISSEMENT", 
    "ENGLISH" : "PARIS-2E-ARRONDISSEMENT", 
    "FRENCH" : "PARIS 02", 
    "ABREVGENDEROTHER" : "", 
    "PRIMARYKEY" : "FRCITY_00028ARRONDISSEMENT02", 
    "FOREIGNKEY" : ""
}
{ 
    "_id" : ObjectId("5e7a249f00270c03d7b648ca"), 
    "CATEGORY" : "ARRONDISSEMENT", 
    "ENGLISH" : "PARIS-3E-ARRONDISSEMENT", 
    "FRENCH" : "PARIS 03", 
    "ABREVGENDEROTHER" : "", 
    "PRIMARYKEY" : "FRCITY_00028ARRONDISSEMENT03", 
    "FOREIGNKEY" : ""
}
{ 
    "_id" : ObjectId("5e7a249f00270c03d7b648cb"), 
    "CATEGORY" : "ARRONDISSEMENT", 
    "ENGLISH" : "PARIS-4E-ARRONDISSEMENT", 
    "FRENCH" : "PARIS 04", 
    "ABREVGENDEROTHER" : "", 
    "PRIMARYKEY" : "FRCITY_00028ARRONDISSEMENT04", 
    "FOREIGNKEY" : ""
}
{ 
    "_id" : ObjectId("5e7a249f00270c03d7b648cc"), 
    "CATEGORY" : "ARRONDISSEMENT", 
    "ENGLISH" : "PARIS-5E-ARRONDISSEMENT", 
    "FRENCH" : "PARIS 05", 
    "ABREVGENDEROTHER" : "", 
    "PRIMARYKEY" : "FRCITY_00028ARRONDISSEMENT05", 
    "FOREIGNKEY" : ""
}
{ 
    "_id" : ObjectId("5e7a249f00270c03d7b648cd"), 
    "CATEGORY" : "ARRONDISSEMENT", 
    "ENGLISH" : "PARIS-6E-ARRONDISSEMENT", 
    "FRENCH" : "PARIS 06", 
    "ABREVGENDEROTHER" : "", 
    "PRIMARYKEY" : "FRCITY_00028ARRONDISSEMENT06", 
    "FOREIGNKEY" : ""
}
{ 
    "_id" : ObjectId("5e7a249f00270c03d7b648ce"), 
    "CATEGORY" : "ARRONDISSEMENT", 
    "ENGLISH" : "PARIS-7E-ARRONDISSEMENT", 
    "FRENCH" : "PARIS 07", 
    "ABREVGENDEROTHER" : "", 
    "PRIMARYKEY" : "FRCITY_00028ARRONDISSEMENT07", 
    "FOREIGNKEY" : ""
}
{ 
    "_id" : ObjectId("5e7a249f00270c03d7b648cf"), 
    "CATEGORY" : "ARRONDISSEMENT", 
    "ENGLISH" : "PARIS-8E-ARRONDISSEMENT", 
    "FRENCH" : "PARIS 08", 
    "ABREVGENDEROTHER" : "", 
    "PRIMARYKEY" : "FRCITY_00028ARRONDISSEMENT08", 
    "FOREIGNKEY" : ""
}
{ 
    "_id" : ObjectId("5e7a249f00270c03d7b648d0"), 
    "CATEGORY" : "ARRONDISSEMENT", 
    "ENGLISH" : "PARIS-9E-ARRONDISSEMENT", 
    "FRENCH" : "PARIS 09", 
    "ABREVGENDEROTHER" : "", 
    "PRIMARYKEY" : "FRCITY_00028ARRONDISSEMENT09", 
    "FOREIGNKEY" : ""
}
{ 
    "_id" : ObjectId("5e7a249f00270c03d7b648d1"), 
    "CATEGORY" : "ARRONDISSEMENT", 
    "ENGLISH" : "PARIS-10E-ARRONDISSEMENT", 
    "FRENCH" : "PARIS 10", 
    "ABREVGENDEROTHER" : "", 
    "PRIMARYKEY" : "FRCITY_00028ARRONDISSEMENT10", 
    "FOREIGNKEY" : ""
}
{ 
    "_id" : ObjectId("5e7a249f00270c03d7b648d2"), 
    "CATEGORY" : "ARRONDISSEMENT", 
    "ENGLISH" : "PARIS-11E-ARRONDISSEMENT", 
    "FRENCH" : "PARIS 11", 
    "ABREVGENDEROTHER" : "", 
    "PRIMARYKEY" : "FRCITY_00028ARRONDISSEMENT11", 
    "FOREIGNKEY" : ""
}
{ 
    "_id" : ObjectId("5e7a249f00270c03d7b648d3"), 
    "CATEGORY" : "ARRONDISSEMENT", 
    "ENGLISH" : "PARIS-12E-ARRONDISSEMENT", 
    "FRENCH" : "PARIS 12", 
    "ABREVGENDEROTHER" : "", 
    "PRIMARYKEY" : "FRCITY_00028ARRONDISSEMENT12", 
    "FOREIGNKEY" : ""
}
{ 
    "_id" : ObjectId("5e7a249f00270c03d7b648d4"), 
    "CATEGORY" : "ARRONDISSEMENT", 
    "ENGLISH" : "PARIS-13E-ARRONDISSEMENT", 
    "FRENCH" : "PARIS 13", 
    "ABREVGENDEROTHER" : "", 
    "PRIMARYKEY" : "FRCITY_00028ARRONDISSEMENT13", 
    "FOREIGNKEY" : ""
}
{ 
    "_id" : ObjectId("5e7a249f00270c03d7b648d5"), 
    "CATEGORY" : "ARRONDISSEMENT", 
    "ENGLISH" : "PARIS-14E-ARRONDISSEMENT", 
    "FRENCH" : "PARIS 14", 
    "ABREVGENDEROTHER" : "", 
    "PRIMARYKEY" : "FRCITY_00028ARRONDISSEMENT14", 
    "FOREIGNKEY" : ""
}
{ 
    "_id" : ObjectId("5e7a249f00270c03d7b648d6"), 
    "CATEGORY" : "ARRONDISSEMENT", 
    "ENGLISH" : "PARIS-15E-ARRONDISSEMENT", 
    "FRENCH" : "PARIS 15", 
    "ABREVGENDEROTHER" : "", 
    "PRIMARYKEY" : "FRCITY_00028ARRONDISSEMENT15", 
    "FOREIGNKEY" : ""
}
{ 
    "_id" : ObjectId("5e7a249f00270c03d7b648d7"), 
    "CATEGORY" : "ARRONDISSEMENT", 
    "ENGLISH" : "PARIS-16E-ARRONDISSEMENT", 
    "FRENCH" : "PARIS 16", 
    "ABREVGENDEROTHER" : "", 
    "PRIMARYKEY" : "FRCITY_00028ARRONDISSEMENT16", 
    "FOREIGNKEY" : ""
}
{ 
    "_id" : ObjectId("5e7a249f00270c03d7b648d8"), 
    "CATEGORY" : "ARRONDISSEMENT", 
    "ENGLISH" : "PARIS-17E-ARRONDISSEMENT", 
    "FRENCH" : "PARIS 17", 
    "ABREVGENDEROTHER" : "", 
    "PRIMARYKEY" : "FRCITY_00028ARRONDISSEMENT17", 
    "FOREIGNKEY" : ""
}
{ 
    "_id" : ObjectId("5e7a249f00270c03d7b648d9"), 
    "CATEGORY" : "ARRONDISSEMENT", 
    "ENGLISH" : "PARIS-18E-ARRONDISSEMENT", 
    "FRENCH" : "PARIS 18", 
    "ABREVGENDEROTHER" : "", 
    "PRIMARYKEY" : "FRCITY_00028ARRONDISSEMENT18", 
    "FOREIGNKEY" : ""
}
{ 
    "_id" : ObjectId("5e7a249f00270c03d7b648da"), 
    "CATEGORY" : "ARRONDISSEMENT", 
    "ENGLISH" : "PARIS-19E-ARRONDISSEMENT", 
    "FRENCH" : "PARIS 19", 
    "ABREVGENDEROTHER" : "", 
    "PRIMARYKEY" : "FRCITY_00028ARRONDISSEMENT19", 
    "FOREIGNKEY" : ""
}
{ 
    "_id" : ObjectId("5e7a249f00270c03d7b648db"), 
    "CATEGORY" : "ARRONDISSEMENT", 
    "ENGLISH" : "PARIS-20E-ARRONDISSEMENT", 
    "FRENCH" : "PARIS 20", 
    "ABREVGENDEROTHER" : "", 
    "PRIMARYKEY" : "FRCITY_00028ARRONDISSEMENT20", 
    "FOREIGNKEY" : ""
}
{ 
    "_id" : ObjectId("5e7a249f00270c03d7b648dc"), 
    "CATEGORY" : "ARRONDISSEMENT", 
    "ENGLISH" : "LYON--1ER-ARRONDISSEMENT", 
    "FRENCH" : "LYON 01", 
    "ABREVGENDEROTHER" : "", 
    "PRIMARYKEY" : "FRCITY_00025ARRONDISSEMENT01", 
    "FOREIGNKEY" : ""
}
{ 
    "_id" : ObjectId("5e7a249f00270c03d7b648dd"), 
    "CATEGORY" : "ARRONDISSEMENT", 
    "ENGLISH" : "LYON--2E--ARRONDISSEMENT", 
    "FRENCH" : "LYON 02", 
    "ABREVGENDEROTHER" : "", 
    "PRIMARYKEY" : "FRCITY_00025ARRONDISSEMENT02", 
    "FOREIGNKEY" : ""
}
{ 
    "_id" : ObjectId("5e7a249f00270c03d7b648de"), 
    "CATEGORY" : "ARRONDISSEMENT", 
    "ENGLISH" : "LYON--3E--ARRONDISSEMENT", 
    "FRENCH" : "LYON 03", 
    "ABREVGENDEROTHER" : "", 
    "PRIMARYKEY" : "FRCITY_00025ARRONDISSEMENT03", 
    "FOREIGNKEY" : ""
}
{ 
    "_id" : ObjectId("5e7a249f00270c03d7b648df"), 
    "CATEGORY" : "ARRONDISSEMENT", 
    "ENGLISH" : "LYON--4E--ARRONDISSEMENT", 
    "FRENCH" : "LYON 04", 
    "ABREVGENDEROTHER" : "", 
    "PRIMARYKEY" : "FRCITY_00025ARRONDISSEMENT04", 
    "FOREIGNKEY" : ""
}
{ 
    "_id" : ObjectId("5e7a249f00270c03d7b648e0"), 
    "CATEGORY" : "ARRONDISSEMENT", 
    "ENGLISH" : "LYON--5E--ARRONDISSEMENT", 
    "FRENCH" : "LYON 05", 
    "ABREVGENDEROTHER" : "", 
    "PRIMARYKEY" : "FRCITY_00025ARRONDISSEMENT05", 
    "FOREIGNKEY" : ""
}
{ 
    "_id" : ObjectId("5e7a249f00270c03d7b648e1"), 
    "CATEGORY" : "ARRONDISSEMENT", 
    "ENGLISH" : "LYON--6E--ARRONDISSEMENT", 
    "FRENCH" : "LYON 06", 
    "ABREVGENDEROTHER" : "", 
    "PRIMARYKEY" : "FRCITY_00025ARRONDISSEMENT06", 
    "FOREIGNKEY" : ""
}
{ 
    "_id" : ObjectId("5e7a249f00270c03d7b648e2"), 
    "CATEGORY" : "ARRONDISSEMENT", 
    "ENGLISH" : "LYON--7E--ARRONDISSEMENT", 
    "FRENCH" : "LYON 07", 
    "ABREVGENDEROTHER" : "", 
    "PRIMARYKEY" : "FRCITY_00025ARRONDISSEMENT07", 
    "FOREIGNKEY" : ""
}
{ 
    "_id" : ObjectId("5e7a249f00270c03d7b648e3"), 
    "CATEGORY" : "ARRONDISSEMENT", 
    "ENGLISH" : "LYON--8E--ARRONDISSEMENT", 
    "FRENCH" : "LYON 08", 
    "ABREVGENDEROTHER" : "", 
    "PRIMARYKEY" : "FRCITY_00025ARRONDISSEMENT08", 
    "FOREIGNKEY" : ""
}
{ 
    "_id" : ObjectId("5e7a249f00270c03d7b648e4"), 
    "CATEGORY" : "ARRONDISSEMENT", 
    "ENGLISH" : "LYON--9E--ARRONDISSEMENT", 
    "FRENCH" : "LYON 09", 
    "ABREVGENDEROTHER" : "", 
    "PRIMARYKEY" : "FRCITY_00025ARRONDISSEMENT09", 
    "FOREIGNKEY" : ""
}
